"","Season","Round","Matchup","Results","Robot"
"1","2019","Episode 3","Bite Force vs Yeti","Bite Force by JD","Yeti"
"2","2019","Episode 6","Free Shipping vs Yeti","Yeti by JD","Yeti"
"3","2019","Episode 10","Rainbow vs Yeti","Yeti by KO 56s","Yeti"
"4","2019","Episode 13","Yeti vs Tantrum","Yeti by KO 2m45s","Yeti"
"5","2019","Episode 14","Yeti vs DUCK!","Yeti by JD","Yeti"
"6","2019","Episode 15","Death Roll vs Yeti","Death Roll by KO 1m26s","Yeti"
"7","2018","Day 1 Session 2","Witch Doctor vs Yeti","Yeti by KO 1m24s","Yeti"
"8","2018","Day 3 Session 1","Icewave vs Yeti","Icewave by KO 35s","Yeti"
"9","2018","Day 5 Session 1","Yeti vs Bombshell","Yeti by JD","Yeti"
"10","2018","Day 7 Session 2","Petunia vs Yeti","Yeti by KO 1m54s","Yeti"
"11","2018","Sweet 16 2018","Yeti vs Whiplash","Whiplash by JD","Yeti"
"12","2016","Qualifiers Session 1","Lock-Jaw vs Yeti","Yeti by JD","Yeti"
"13","2016","Round of 32","Yeti vs Lucky","Yeti by KO 2m44s","Yeti"
"14","2016","Sweet 16","Mega Tento vs Yeti","Yeti by KO 44s","Yeti"
"15","2016","Quarter Finals","Chomp vs Yeti","Yeti by KO 2m24s","Yeti"
"16","2016","Semi Finals","Tombstone vs Yeti","Tombstone by JD","Yeti"
"17","2019","Episode 1","Tombstone vs Lock-Jaw","Tombstone by KO 48s","Tombstone"
"18","2019","Episode 4","Tombstone vs SawBlaze","Tombstone by KO 1m42s","Tombstone"
"19","2019","Episode 7","Tombstone vs Rotator","Rotator by KO 2m59s","Tombstone"
"20","2019","Episode 11","Tombstone vs Gruff","Tombstone by JD","Tombstone"
"21","2019","Episode 15","Tombstone vs Quantum","Tombstone by KO 32s","Tombstone"
"22","2019","Episode 16","Tombstone vs Whiplash","Tombstone by KO 1m40s","Tombstone"
"23","2019","Episode 16","Tombstone vs Bite Force","Bite Force by KO 52s","Tombstone"
"24","2018","Day 1 Session 1","Tombstone vs Minotaur","Tombstone by KO 2m22s","Tombstone"
"25","2018","Day 2 Session 2","Gigabyte vs Tombstone","Tombstone by KO 1m9s","Tombstone"
"26","2018","Day 6 Session 2","Tombstone vs Whiplash","Tombstone by KO 1m14s","Tombstone"
"27","2018","Day 7 Session 2","Tombstone vs DUCK!","Tombstone by KO 2m37s","Tombstone"
"28","2018","Sweet 16 2018","Tombstone vs Bombshell","Bombshell by KO 1m57s","Tombstone"
"29","2018","Day 10 Session 2","Tombstone vs Tantrum","Tombstone by KO 1m17s","Tombstone"
"30","2016","Qualifiers Session 2","Tombstone vs Black Ice","Tombstone by KO 1m1s","Tombstone"
"31","2016","Round of 32","Tombstone vs Escape Velocity","Tombstone by KO 45s","Tombstone"
"32","2016","Sweet 16","Tombstone vs Brutus","Tombstone by KO 59s","Tombstone"
"33","2016","Quarter Finals","Tombstone vs Beta","Tombstone by JD","Tombstone"
"34","2016","Semi Finals","Tombstone vs Yeti","Tombstone by JD","Tombstone"
"35","2016","Final","Tombstone vs Bombshell","Tombstone by KO 53s","Tombstone"
"36","2019","Episode 2","Axe Backwards vs Mammoth","Mammoth by KO 1m36s","Axe Backwards"
"37","2019","Episode 5","Texas Twister vs Axe Backwards","Texas Twister by KO 1m26s","Axe Backwards"
"38","2019","Episode 12","Marvin vs Axe Backwards","Marvin by JD","Axe Backwards"
"39","2019","Episode 8","Deep Six vs Axe Backwards","Deep Six by KO 1m1s","Axe Backwards"
"40","2018","Day 2 Session 1","War Hawk vs Axe Backwards","War Hawk by KO 1m30s","Axe Backwards"
"41","2018","Day 4 Session 2","Deviled Egg vs Axe Backwards vs Basilisk","Deviled Egg by JD","Axe Backwards"
"42","2018","Day 7 Session 2","Monsoon vs Axe Backwards","Monsoon by KO 38s","Axe Backwards"
"43","2018","Day 9 Session 2","Ultimo Destructo vs Axe Backwards","Axe Backwards by KO 2m15s","Axe Backwards"
"44","2019","Episode 3","Bite Force vs Yeti","Bite Force by JD","Bite Force"
"45","2019","Episode 6","Bronco vs Bite Force","Bite Force by KO 2m48s","Bite Force"
"46","2019","Episode 10","Bite Force vs HyperShock","Bite Force by JD","Bite Force"
"47","2019","Episode 13","Bite Force vs Monsoon","Bite Force by KO 46s","Bite Force"
"48","2019","Episode 15","Bite Force vs Upper Cut","Bite Force by KO 57s","Bite Force"
"49","2019","Episode 16","Bite Force vs Lock-Jaw","Bite Force by KO 2m56s","Bite Force"
"50","2019","Episode 16","Tombstone vs Bite Force","Bite Force by KO 52s","Bite Force"
"51","2019","Episode 16","Witch Doctor vs Bite Force","Bite Force by KO 1m56s","Bite Force"
"52","2018","Day 1 Session 1","Blacksmith vs Bite Force","Bite Force by JD","Bite Force"
"53","2018","Day 2 Session 1","HyperShock vs Bite Force","Bite Force by KO 36s","Bite Force"
"54","2018","Day 4 Session 1","Bite Force vs End Game","Bite Force by KO 1m2s","Bite Force"
"55","2018","Day 7 Session 1","Bombshell vs Bite Force","Bite Force by KO 47s","Bite Force"
"56","2018","Sweet 16 2018","Bite Force vs HUGE","Bite Force by KO 1m37s","Bite Force"
"57","2018","Quarter Finals 2018","Rotator vs Bite Force","Bite Force by KO 1m19s","Bite Force"
"58","2018","Semi Finals 2018","Whiplash vs Bite Force","Bite Force by KO 1m29s","Bite Force"
"59","2018","Final 2018","Minotaur vs Bite Force","Bite Force by KO 2m5s","Bite Force"
"60","2016","Qualifiers Session 2","Bite Force vs Mohawk","Bite Force by KO 1m36s","Bite Force"
"61","2016","Round of 32","Bite Force vs The Ringmaster","Bite Force by JD","Bite Force"
"62","2016","Sweet 16","Bite Force vs Chomp","Chomp by JD","Bite Force"
"63","2016","Sunday Exhibition","Bite Force vs Witch Doctor vs Wrecks","Bite Force by KO 2m12s","Bite Force"
"64","2019","Episode 2","Texas Twister vs Black Dragon","Texas Twister by JD","Black Dragon"
"65","2019","Episode 5","Black Dragon vs Bloodsport","Black Dragon by KO 1m6s","Black Dragon"
"66","2019","Episode 8","Black Dragon vs Captain Shrederator","Black Dragon by KO 1m18s","Black Dragon"
"67","2019","Episode 8","Black Dragon vs War Hawk","Black Dragon by KO 1m1s","Black Dragon"
"68","2019","Episode 8","Minotaur vs Black Dragon","Black Dragon by JD","Black Dragon"
"69","2019","Episode 15","Black Dragon vs Lock-Jaw","Lock-Jaw by JD","Black Dragon"
"70","2019","Not Aired","Skorpios vs Black Dragon","Black Dragon by JD","Black Dragon"
"71","2019","Episode 1","Blacksmith vs Quantum","Quantum by JD 2m16s","Blacksmith"
"72","2019","Episode 4","Kraken vs Blacksmith","Blacksmith","Blacksmith"
"73","2019","Episode 7","SawBlaze vs Blacksmith","SawBlaze by JD","Blacksmith"
"74","2019","Episode 11","Blacksmith vs Captain Shrederator","Blacksmith by KO 2m55s","Blacksmith"
"75","2019","Episode 14","Rotator vs Blacksmith","Blacksmith by JD","Blacksmith"
"76","2019","Episode 15","Witch Doctor vs Blacksmith","Witch Doctor by KO 2m24s","Blacksmith"
"77","2018","Day 1 Session 1","Blacksmith vs Bite Force","Bite Force by JD","Blacksmith"
"78","2018","Day 3 Session 1","Blacksmith vs The Four Horseman","Blacksmith by KO 2m55s","Blacksmith"
"79","2018","Day 4 Session 2","Witch Doctor vs Blacksmith","Witch Doctor by JD","Blacksmith"
"80","2018","Day 7 Session 1","Blacksmith vs Minotaur","Minotaur by JD","Blacksmith"
"81","2018","Day 10 Session 2","Blacksmith vs Warhead","Warhead by JD","Blacksmith"
"82","2016","Rumbles","Basilisk vs Blacksmith vs Gemini","Blacksmith by JD","Blacksmith"
"83","2016","Qualifiers Session 2","Bronco vs Blacksmith","Bronco by KO 2m16s","Blacksmith"
"84","2016","Round of 32","Minotaur vs Blacksmith","Minotaur by JD","Blacksmith"
"85","2019","Episode 5","Black Dragon vs Bloodsport","Black Dragon by KO 1m6s","Bloodsport"
"86","2019","Episode 13","Bloodsport vs The Four Horseman","Bloodsport by KO 1m9s","Bloodsport"
"87","2019","Episode 3","Bloodsport vs Lucky","Bloodsport by JD","Bloodsport"
"88","2019","Episode 12","Breaker Box vs Bloodsport","Bloodsport by KO 1m36s","Bloodsport"
"89","2019","Episode 14","Rail Gun Max  vs Bloodsport vs Upper Cut","Upper Cut by KO 2m21s","Bloodsport"
"90","2019","Not Aired","Bloodsport vs Sharkopion","Bloodsport by KO 56s","Bloodsport"
"91","2019","Episode 2","DUCK! vs Bombshell","DUCK! by KO 52s","Bombshell"
"92","2019","Episode 4","Rotator vs Bombshell","Rotator by KO 57s","Bombshell"
"93","2019","Episode 7","Bombshell vs Cobalt","Cobalt by KO 1m3s","Bombshell"
"94","2019","Episode 11","Bombshell vs Lock-Jaw","Lock-Jaw by KO 1m34s","Bombshell"
"95","2018","Day 1 Session 1","Bombshell vs Lock-Jaw","Lock-Jaw by KO 1m53s","Bombshell"
"96","2018","Day 3 Session 2","Bronco vs Bombshell","Bronco by KO 1m19s","Bombshell"
"97","2018","Day 5 Session 1","Yeti vs Bombshell","Yeti by JD","Bombshell"
"98","2018","Day 7 Session 1","Bombshell vs Bite Force","Bite Force by KO 47s","Bombshell"
"99","2018","Sweet 16 2018","Tombstone vs Bombshell","Bombshell by KO 1m57s","Bombshell"
"100","2018","Quarter Finals 2018","Bombshell vs Lock-Jaw","Lock-Jaw by KO 36s","Bombshell"
"101","2016","Qualifiers Session 2","Complete Control vs Bombshell","Complete Control by JD","Bombshell"
"102","2016","Round of 32","Cobalt vs Bombshell","Bombshell by KO 1m45s","Bombshell"
"103","2016","Sweet 16","Red Devil vs Bombshell","Bombshell by JD","Bombshell"
"104","2016","Quarter Finals","Bombshell vs Poison Arrow","Bombshell by KO 1m35s","Bombshell"
"105","2016","Semi Finals","Minotaur vs Bombshell","Bombshell by KO 2m50s","Bombshell"
"106","2016","Final","Tombstone vs Bombshell","Tombstone by KO 53s","Bombshell"
"107","2019","Episode 3","Breaker Box vs Falcon","Breaker Box by JD","Breaker Box"
"108","2019","Episode 9","Breaker Box vs Upper Cut","Upper Cut by KO 2m17s","Breaker Box"
"109","2019","Episode 12","Breaker Box vs Bloodsport","Bloodsport by KO 1m36s","Breaker Box"
"110","2019","Episode 13","Breaker Box vs HyperShock","HyperShock by KO 2m59s","Breaker Box"
"111","2019","Episode 6","Bronco vs Bite Force","Bite Force by KO 2m48s","Bronco"
"112","2019","Episode 10","Bronco vs Free Shipping","Free Shipping by JD","Bronco"
"113","2019","Episode 12","Bronco vs HUGE","HUGE by JD","Bronco"
"114","2019","Episode 13","Bronco vs Hydra","Hydra by KO 1m12s","Bronco"
"115","2018","Day 3 Session 2","Bronco vs Bombshell","Bronco by KO 1m19s","Bronco"
"116","2018","Day 4 Session 2","Lock-Jaw vs Bronco","Bronco by JD","Bronco"
"117","2018","Day 6 Session 1","Bronco vs DUCK!","Bronco by KO 2m15s","Bronco"
"118","2018","Day 7 Session 2","Bronco vs SawBlaze","Bronco by JD","Bronco"
"119","2018","Sweet 16 2018","Bronco vs War Hawk","Bronco by KO 1m44s","Bronco"
"120","2018","Quarter Finals 2018","Bronco vs Whiplash","Whiplash by KO 2m57s","Bronco"
"121","2016","Qualifiers Session 2","Bronco vs Blacksmith","Bronco by KO 2m16s","Bronco"
"122","2016","Round of 32","Bronco vs Chrome Fly","Bronco by KO 1m","Bronco"
"123","2016","Sweet 16","Bronco vs Razorback","Bronco by KO 1m21s","Bronco"
"124","2016","Quarter Finals","Bronco vs Minotaur","Minotaur by KO 2m54s","Bronco"
"125","2019","Episode 2","Wan Hoo vs Captain Shrederator","Wan Hoo by KO 1m49s","Captain Shrederator"
"126","2019","Episode 5","Captain Shrederator vs Witch Doctor","Witch Doctor by KO 1m10s","Captain Shrederator"
"127","2019","Episode 8","Black Dragon vs Captain Shrederator","Black Dragon by KO 1m18s","Captain Shrederator"
"128","2019","Episode 11","Blacksmith vs Captain Shrederator","Blacksmith by KO 2m55s","Captain Shrederator"
"129","2018","Day 1 Session 2","Captain Shrederator vs End Game","End Game by KO 1m22s","Captain Shrederator"
"130","2018","Day 3 Session 1","Captain Shrederator vs SubZero","SubZero by KO 1m52s","Captain Shrederator"
"131","2018","Day 6 Session 1","Captain Shrederator vs Petunia","Petunia by KO 1m16s","Captain Shrederator"
"132","2018","Day 10 Session 2","Captain Shrederator vs Vanquish","Captain Shrederator by KO 1m37s","Captain Shrederator"
"133","2016","Qualifiers Session 2","Captain Shrederator vs Death Roll","Captain Shrederator by KO 2m4s","Captain Shrederator"
"134","2016","Round of 32","Chomp vs Captain Shrederator","Chomp by KO 2m8s","Captain Shrederator"
"135","2019","Episode 12","BattleSaw vs Mad-Catter","Mad-Catter by KO 1m13s","BattleSaw"
"136","2019","Episode 12","Extinguisher vs BattleSaw","Extinguisher by KO 2m3s","BattleSaw"
"137","2019","Not Aired","Petunia vs Jasper vs BattleSaw","Petunia by JD","BattleSaw"
"138","2019","Episode 2","Chronos vs Gigabyte","Gigabyte by KO 1m24s","Chronos"
"139","2019","Episode 10","Copperhead vs Chronos","Chronos by KO 1m4s","Chronos"
"140","2019","Episode 16","Monsoon& Ragnarök vs Mad-Catter & Chronos","Monsoon, Ragnarök by JD","Chronos"
"141","2019","Episode 1","Cobalt vs SubZero","Cobalt by KO 1m8s","Cobalt"
"142","2019","Episode 4","DUCK! vs Cobalt","DUCK! by KO 2m18s","Cobalt"
"143","2019","Episode 7","Bombshell vs Cobalt","Cobalt by KO 1m3s","Cobalt"
"144","2019","Episode 11","End Game vs Cobalt","End Game by KO 1m42s","Cobalt"
"145","2019","Episode 14","Cobalt vs Minotaur","Minotaur by JD","Cobalt"
"146","2016","Qualifiers Session 2","Overhaul vs Cobalt","Cobalt by KO 1m26s","Cobalt"
"147","2016","Round of 32","Cobalt vs Bombshell","Bombshell by KO 1m45s","Cobalt"
"148","2019","Episode 3","Skorpios vs Copperhead","Skorpios by KO 2m37s","Copperhead"
"149","2019","Episode 6","Gruff vs Copperhead","Copperhead by JD","Copperhead"
"150","2019","Episode 10","Copperhead vs Chronos","Chronos by KO 1m4s","Copperhead"
"151","2019","Episode 13","Copperhead vs War Hawk","Copperhead by KO 1m19s","Copperhead"
"152","2019","Episode 14","SOW vs Copperhead","SOW by KO 2m33s","Copperhead"
"153","2019","Episode 12","Deep Six vs Kingpin vs Daisy Cutter","Kingpin by KO 57s","Daisy Cutter"
"154","2019","Not Aired","Double Jeopardy vs Daisy Cutter vs Foxtrot","Double Jeopardy by KO 2m38s","Daisy Cutter"
"155","2019","Episode 1","End Game vs Death Roll","Death Roll by KO 1m35s","DeathRoll"
"156","2019","Episode 4","Death Roll vs Foxtrot","Death Roll by KO 53s","DeathRoll"
"157","2019","Episode 7","Quantum vs Death Roll","Death Roll by KO 1m19s","DeathRoll"
"158","2019","Episode 11","Rotator vs Death Roll","Death Roll by JD","DeathRoll"
"159","2019","Episode 15","Death Roll vs Yeti","Death Roll by KO 1m26s","DeathRoll"
"160","2019","Episode 16","Minotaur vs Death Roll","Death Roll by KO 2m4s","DeathRoll"
"161","2019","Episode 16","Witch Doctor vs Death Roll","Witch Doctor by JD","DeathRoll"
"162","2016","Qualifiers Session 2","Captain Shrederator vs Death Roll","Captain Shrederator by KO 2m4s","DeathRoll"
"163","2016","Saturday Exhibition","Death Roll vs Bucktooth Burl vs Skorpios","Skorpios by KO 3m","DeathRoll"
"164","2019","Episode 12","Deep Six vs Kingpin vs Daisy Cutter","Kingpin by KO 57s","Deep Six"
"165","2019","Episode 9","Deep Six vs Nelly the Ellybot","Deep Six by JD 1m1s","Deep Six"
"166","2019","Episode 8","Deep Six vs Axe Backwards","Deep Six by KO 1m1s","Deep Six"
"167","2019","Episode 12","The Four Horseman vs Double Jeopardy vs Lucky","Lucky by JD 3m","Double Jeopardy"
"168","2019","Episode 9","Extinguisher vs Double Jeopardy vs Rainbow","Rainbow by JD","Double Jeopardy"
"169","2019","Not Aired","Double Jeopardy vs Daisy Cutter vs Foxtrot","Double Jeopardy by KO 2m38s","Double Jeopardy"
"170","2018","Day 2 Session 1","The Four Horseman vs Gamma 9 vs Double Jeopardy","The Four Horseman by JD","Double Jeopardy"
"171","2018","Day 6 Session 1","Double Jeopardy vs Mecha Rampage","Mecha Rampage by KO 56s","Double Jeopardy"
"172","2019","Episode 2","DUCK! vs Bombshell","DUCK! by KO 52s","DUCK!"
"173","2019","Episode 4","DUCK! vs Cobalt","DUCK! by KO 2m18s","DUCK!"
"174","2019","Episode 7","Lock-Jaw vs DUCK!","Lock-Jaw by JD","DUCK!"
"175","2019","Episode 11","DUCK! vs Quantum","Quantum by JD","DUCK!"
"176","2019","Episode 14","Yeti vs DUCK!","Yeti by JD","DUCK!"
"177","2019","Not Aired","End Game vs DUCK!","End Game by KO 2m14s","DUCK!"
"178","2018","Day 1 Session 2","Mecha Rampage vs Free Shipping vs DUCK!","DUCK! by JD","DUCK!"
"179","2018","Day 4 Session 2","Reality vs DUCK!","DUCK! by KO 1m50s","DUCK!"
"180","2018","Day 6 Session 1","Bronco vs DUCK!","Bronco by KO 2m15s","DUCK!"
"181","2018","Day 7 Session 2","Tombstone vs DUCK!","Tombstone by KO 2m37s","DUCK!"
"182","2018","Day 10 Session 1","DUCK! vs Gigabyte","DUCK! by KO 1m49s","DUCK!"
"183","2019","Episode 1","End Game vs Death Roll","Death Roll by KO 1m35s","End Game"
"184","2019","Episode 4","End Game vs Ribbot","Ribbot by KO 2m1s","End Game"
"185","2019","Episode 8","End Game vs Gruff","End Game by KO 2m59s","End Game"
"186","2019","Episode 8","Minotaur vs End Game","Minotaur by KO 2m36s","End Game"
"187","2019","Episode 11","End Game vs Cobalt","End Game by KO 1m42s","End Game"
"188","2019","Not Aired","End Game vs DUCK!","End Game by KO 2m14s","End Game"
"189","2018","Day 1 Session 2","Captain Shrederator vs End Game","End Game by KO 1m22s","End Game"
"190","2018","Day 2 Session 2","End Game vs Lock-Jaw","End Game by KO 2m1s","End Game"
"191","2018","Day 4 Session 1","Bite Force vs End Game","Bite Force by KO 1m2s","End Game"
"192","2018","Day 7 Session 1","SOW vs End Game","SOW by KO 43s","End Game"
"193","2018","Day 8 Session 2","End Game vs War Hawk vs Brutus","War Hawk by KO 1m9s","End Game"
"194","2018","Day 10 Session 1","SawBlaze vs End Game","SawBlaze by JD","End Game"
"195","2019","Episode 8","The Four Horseman vs Extinguisher","The Four Horseman by JD","Extinguisher"
"196","2019","Episode 9","Extinguisher vs Double Jeopardy vs Rainbow","Rainbow by JD","Extinguisher"
"197","2019","Episode 12","Extinguisher vs BattleSaw","Extinguisher by KO 2m3s","Extinguisher"
"198","2019","Not Aired","P1 vs Extinguisher vs The Four Horseman","The Four Horseman by JD","Extinguisher"
"199","2019","Episode 3","Breaker Box vs Falcon","Breaker Box by JD","Falcon"
"200","2019","Episode 7","Falcon vs Ribbot","Ribbot by KO 2m26s","Falcon"
"201","2019","Episode 12","Marvin vs Falcon","Falcon by JD","Falcon"
"202","2019","Episode 12","The Four Horseman vs Double Jeopardy vs Lucky","Lucky by JD 3m","The Four Horsemen"
"203","2019","Episode 8","The Four Horseman vs Extinguisher","The Four Horseman by JD","The Four Horsemen"
"204","2019","Episode 13","Bloodsport vs The Four Horseman","Bloodsport by KO 1m9s","The Four Horsemen"
"205","2019","Episode 12","SubZero vs The Four Horseman","The Four Horseman by KO 2m7s","The Four Horsemen"
"206","2019","Not Aired","P1 vs Extinguisher vs The Four Horseman","The Four Horseman by JD","The Four Horsemen"
"207","2018","Day 2 Session 1","The Four Horseman vs Gamma 9 vs Double Jeopardy","The Four Horseman by JD","The Four Horsemen"
"208","2018","Day 3 Session 1","Blacksmith vs The Four Horseman","Blacksmith by KO 2m55s","The Four Horsemen"
"209","2018","Day 7 Session 1","Gemini vs The Four Horseman","Gemini by JD","The Four Horsemen"
"210","2018","Day 9 Session 1","Hypothermia vs The Four Horseman","Hypothermia by JD","The Four Horsemen"
"211","2019","Episode 4","Death Roll vs Foxtrot","Death Roll by KO 53s","Foxtrot"
"212","2019","Episode 12","Mammoth vs Foxtrot","Mammoth by KO 1m31s","Foxtrot"
"213","2019","Not Aired","Double Jeopardy vs Daisy Cutter vs Foxtrot","Double Jeopardy by KO 2m38s","Foxtrot"
"214","2019","Episode 3","Free Shipping vs Hydra","Hydra by KO 2m5s","Free Shipping"
"215","2019","Episode 6","Free Shipping vs Yeti","Yeti by JD","Free Shipping"
"216","2019","Episode 10","Bronco vs Free Shipping","Free Shipping by JD","Free Shipping"
"217","2019","Episode 13","Free Shipping vs Rail Gun Max","Free Shipping by KO","Free Shipping"
"218","2019","Not Aired","Texas Twister vs Free Shipping","Free Shipping by JD","Free Shipping"
"219","2018","Day 1 Session 2","Mecha Rampage vs Free Shipping vs DUCK!","DUCK! by JD","Free Shipping"
"220","2018","Day 3 Session 1","HUGE vs Free Shipping","HUGE by JD","Free Shipping"
"221","2018","Day 6 Session 1","HyperShock vs Free Shipping","Free Shipping by KO 2m26s","Free Shipping"
"222","2018","Day 8 Session 1","Free Shipping vs War Hawk","War Hawk by JD","Free Shipping"
"223","2019","Episode 1","Marvin vs Gruff vs Gemini","Gruff by JD","Gemini"
"224","2019","Episode 7","Gemini vs Tantrum","Tantrum by JD","Gemini"
"225","2019","Episode 12","Mammoth vs Gemini","Gemini by KO 1m41s","Gemini"
"226","2019","Not Aired","SubZero vs Gemini","Gemini by KO 1m42s","Gemini"
"227","2018","Day 3 Session 1","Kraken vs Mohawk vs Gemini","Gemini by KO 2m43s","Gemini"
"228","2018","Day 5 Desparado Tournament","Lucky vs Gemini","Lucky by JD","Gemini"
"229","2018","Day 7 Session 1","Gemini vs The Four Horseman","Gemini by JD","Gemini"
"230","2018","Day 9 Session 2","Gemini vs Sharkopion","Sharkopion by JD","Gemini"
"231","2016","Rumbles","Basilisk vs Blacksmith vs Gemini","Blacksmith by JD","Gemini"
"232","2019","Episode 2","Chronos vs Gigabyte","Gigabyte by KO 1m24s","Gigabyte"
"233","2019","Episode 5","Gigabyte vs Minotaur","Gigabyte by JD","Gigabyte"
"234","2019","Episode 9","HUGE vs Gigabyte","HUGE by JD","Gigabyte"
"235","2019","Episode 12","Witch Doctor vs Gigabyte","Witch Doctor by KO 2m17s","Gigabyte"
"236","2018","Day 2 Session 2","Gigabyte vs Tombstone","Tombstone by KO 1m9s","Gigabyte"
"237","2018","Day 5 Desparado Tournament","Gigabyte vs Double Dutch","Gigabyte by KO 1m29s","Gigabyte"
"238","2018","Day 5 Desparado Tournament","Lucky vs Gigabyte","Lucky by KO 1m7s","Gigabyte"
"239","2018","Day 7 Session 1","Brutus vs Gigabyte","Gigabyte by KO 2m49s","Gigabyte"
"240","2018","Day 10 Session 1","DUCK! vs Gigabyte","DUCK! by KO 1m49s","Gigabyte"
"241","2019","Episode 1","Marvin vs Gruff vs Gemini","Gruff by JD","Gruff"
"242","2019","Episode 6","Gruff vs Copperhead","Copperhead by JD","Gruff"
"243","2019","Episode 8","End Game vs Gruff","End Game by KO 2m59s","Gruff"
"244","2019","Episode 11","Tombstone vs Gruff","Tombstone by JD","Gruff"
"245","2019","Not Aired","Gruff vs Rail Gun Max","Gruff by KO 1m30s","Gruff"
"246","2019","Episode 2","SOW vs HUGE","SOW by KO 1m36s","HUGE"
"247","2019","Episode 5","Jasper vs HUGE","HUGE by KO 1m25s","HUGE"
"248","2019","Episode 9","HUGE vs Gigabyte","HUGE by JD","HUGE"
"249","2019","Episode 12","Bronco vs HUGE","HUGE by JD","HUGE"
"250","2019","Episode 14","HyperShock vs HUGE","HUGE by KO 2m57s","HUGE"
"251","2019","Episode 15","Whiplash vs HUGE","Whiplash by JD","HUGE"
"252","2018","Day 1 Session 2","SubZero vs HUGE","HUGE by JD","HUGE"
"253","2018","Day 3 Session 1","HUGE vs Free Shipping","HUGE by JD","HUGE"
"254","2018","Day 5 Session 2","Chomp vs HUGE","HUGE by JD","HUGE"
"255","2018","Day 7 Session 2","Icewave vs HUGE","Icewave by KO 53s","HUGE"
"256","2018","Sweet 16 2018","Bite Force vs HUGE","Bite Force by KO 1m37s","HUGE"
"257","2019","Episode 3","Free Shipping vs Hydra","Hydra by KO 2m5s","Hydra"
"258","2019","Episode 6","Hydra vs War Hawk","Hydra by KO 1m36s","Hydra"
"259","2019","Episode 10","Hydra vs Petunia","Hydra by KO 1m29s","Hydra"
"260","2019","Episode 13","Bronco vs Hydra","Hydra by KO 1m12s","Hydra"
"261","2019","Episode 15","Hydra vs Minotaur","Minotaur by KO 42s","Hydra"
"262","2019","Not Aired","HyperShock vs Hydra","Hydra by KO 45s","Hydra"
"263","2019","Episode 12","Jasper vs Upper Cut vs Tantrum","Tantrum by KO 2m34s","Jasper"
"264","2019","Episode 5","Jasper vs HUGE","HUGE by KO 1m25s","Jasper"
"265","2019","Not Aired","Petunia vs Jasper vs BattleSaw","Petunia by JD","Jasper"
"266","2019","Episode 12","Deep Six vs Kingpin vs Daisy Cutter","Kingpin by KO 57s","Kingpin"
"267","2019","Episode 11","Shatter vs Kingpin","Shatter by KO 56s","Kingpin"
"268","2019","Episode 1","Kraken vs Ribbot","Kraken by JD 3m","Kraken"
"269","2019","Episode 4","Kraken vs Blacksmith","Blacksmith","Kraken"
"270","2019","Not Aired","Kraken vs Wan Hoo","Wan Hoo by JD","Kraken"
"271","2019","Episode 12","SOW vs Kraken","SOW by KO 1m1s","Kraken"
"272","2019","Not Aired","Lucky vs Kraken","Lucky by JD","Kraken"
"273","2019","Not Aired","Shatter vs Kraken","Kraken by JD","Kraken"
"274","2018","Day 1 Session 1","Kraken vs Sharkopion vs Deviled Egg","Sharkopion by KO 2m22s","Kraken"
"275","2018","Day 3 Session 1","Kraken vs Mohawk vs Gemini","Gemini by KO 2m43s","Kraken"
"276","2018","Day 5 Desparado Tournament","Lock-Jaw vs Kraken","Lock-Jaw by KO 2m25s","Kraken"
"277","2018","Day 9 Session 1","Chomp vs Kraken","Chomp by KO 1m43s","Kraken"
"278","2018","Day 10 Session 2","Red Devil vs Kraken","Kraken by JD","Kraken"
"279","2019","Episode 1","Tombstone vs Lock-Jaw","Tombstone by KO 48s","Lock Jaw"
"280","2019","Episode 4","Quantum vs Lock-Jaw","Lock-Jaw by KO 1m19s","Lock Jaw"
"281","2019","Episode 7","Lock-Jaw vs DUCK!","Lock-Jaw by JD","Lock Jaw"
"282","2019","Episode 11","Bombshell vs Lock-Jaw","Lock-Jaw by KO 1m34s","Lock Jaw"
"283","2019","Episode 14","Lock-Jaw vs Skorpios","Lock-Jaw by KO 2m58s","Lock Jaw"
"284","2019","Episode 15","Black Dragon vs Lock-Jaw","Lock-Jaw by JD","Lock Jaw"
"285","2019","Episode 16","Bite Force vs Lock-Jaw","Bite Force by KO 2m56s","Lock Jaw"
"286","2018","Day 1 Session 1","Bombshell vs Lock-Jaw","Lock-Jaw by KO 1m53s","Lock Jaw"
"287","2018","Day 2 Session 2","End Game vs Lock-Jaw","End Game by KO 2m1s","Lock Jaw"
"288","2018","Day 4 Session 2","Lock-Jaw vs Bronco","Bronco by JD","Lock Jaw"
"289","2018","Day 5 Desparado Tournament","Lock-Jaw vs Kraken","Lock-Jaw by KO 2m25s","Lock Jaw"
"290","2018","Day 5 Desparado Tournament","Lock-Jaw vs Valkyrie","Lock-Jaw by KO 1m32s","Lock Jaw"
"291","2018","Day 5 Desparado Tournament","Lock-Jaw vs Lucky","Lock-Jaw by KO 2m42s","Lock Jaw"
"292","2018","Sweet 16 2018","SOW vs Lock-Jaw","Lock-Jaw by JD","Lock Jaw"
"293","2018","Quarter Finals 2018","Bombshell vs Lock-Jaw","Lock-Jaw by KO 36s","Lock Jaw"
"294","2018","Semi Finals 2018","Lock-Jaw vs Minotaur","Minotaur by KO 1m43s","Lock Jaw"
"295","2016","Qualifiers Session 1","Lock-Jaw vs Yeti","Yeti by JD","Lock Jaw"
"296","2016","Round of 32","Brutus vs Lock-Jaw","Brutus by JD","Lock Jaw"
"297","2016","Sunday Exhibition","Lock-Jaw vs Ghost Raptor vs Stinger","Lock-Jaw by JD","Lock Jaw"
"298","2019","Episode 12","The Four Horseman vs Double Jeopardy vs Lucky","Lucky by JD 3m","Lucky!"
"299","2019","Episode 8","Minotaur vs Lucky","Minotaur by KO 1m59s","Lucky!"
"300","2019","Episode 3","Bloodsport vs Lucky","Bloodsport by JD","Lucky!"
"301","2019","Not Aired","Lucky vs Kraken","Lucky by JD","Lucky!"
"302","2019","Not Aired","Lucky vs Tantrum","Tantrum by JD","Lucky!"
"303","2018","Day 2 Session 2","Lucky vs Skorpios","Skorpios by JD","Lucky!"
"304","2018","Day 4 Session 1","SOW vs Lucky","SOW by KO 1m34s","Lucky!"
"305","2018","Day 5 Desparado Tournament","Lucky vs Gemini","Lucky by JD","Lucky!"
"306","2018","Day 5 Desparado Tournament","Lucky vs Gigabyte","Lucky by KO 1m7s","Lucky!"
"307","2018","Day 5 Desparado Tournament","Lock-Jaw vs Lucky","Lock-Jaw by KO 2m42s","Lucky!"
"308","2018","Day 7 Session 1","Lucky vs Reality","Reality by KO 1m56s","Lucky!"
"309","2016","Qualifiers Session 2","Lucky vs Beta","Beta by JD","Lucky!"
"310","2016","Round of 32","Yeti vs Lucky","Yeti by KO 2m44s","Lucky!"
"311","2019","Episode 12","BattleSaw vs Mad-Catter","Mad-Catter by KO 1m13s","MadCatter"
"312","2019","Episode 3","Mad-Catter vs Rail Gun Max","Rail Gun Max  by KO 1m3s","MadCatter"
"313","2019","Episode 10","Ragnarök vs Mad-Catter","Mad-Catter by KO 1m16s","MadCatter"
"314","2019","Episode 16","Monsoon& Ragnarök vs Mad-Catter & Chronos","Monsoon, Ragnarök by JD","MadCatter"
"315","2019","Episode 2","Axe Backwards vs Mammoth","Mammoth by KO 1m36s","Mammoth"
"316","2019","Episode 5","Mammoth vs Upper Cut","Upper Cut by KO 1m5s","Mammoth"
"317","2019","Episode 12","Mammoth vs Foxtrot","Mammoth by KO 1m31s","Mammoth"
"318","2019","Episode 12","Mammoth vs Gemini","Gemini by KO 1m41s","Mammoth"
"319","2019","Episode 15","Nightmare vs Mammoth","Mammoth by KO 1m20s","Mammoth"
"320","2019","Episode 9","Wan Hoo vs Mammoth","Wan Hoo by JD","Mammoth"
"321","2019","Episode 1","Marvin vs Gruff vs Gemini","Gruff by JD","Marvin"
"322","2019","Episode 6","Petunia vs Marvin","Petunia by JD","Marvin"
"323","2019","Episode 12","Marvin vs Axe Backwards","Marvin by JD","Marvin"
"324","2019","Episode 12","Marvin vs Falcon","Falcon by JD","Marvin"
"325","2019","Episode 2","Minotaur vs Whiplash","Whiplash by JD","Minotaur"
"326","2019","Episode 5","Gigabyte vs Minotaur","Gigabyte by JD","Minotaur"
"327","2019","Episode 8","Minotaur vs Lucky","Minotaur by KO 1m59s","Minotaur"
"328","2019","Episode 8","Minotaur vs End Game","Minotaur by KO 2m36s","Minotaur"
"329","2019","Episode 8","Minotaur vs Black Dragon","Black Dragon by JD","Minotaur"
"330","2019","Episode 12","Minotaur vs Shatter","Minotaur by KO 2m34s","Minotaur"
"331","2019","Episode 14","Cobalt vs Minotaur","Minotaur by JD","Minotaur"
"332","2019","Episode 15","Hydra vs Minotaur","Minotaur by KO 42s","Minotaur"
"333","2019","Episode 16","Minotaur vs Death Roll","Death Roll by KO 2m4s","Minotaur"
"334","2018","Day 1 Session 1","Tombstone vs Minotaur","Tombstone by KO 2m22s","Minotaur"
"335","2018","Day 3 Session 1","Minotaur vs Hypothermia","Minotaur by JD","Minotaur"
"336","2018","Day 7 Session 1","Blacksmith vs Minotaur","Minotaur by JD","Minotaur"
"337","2018","Day 8 Session 1","SubZero vs Minotaur","Minotaur by KO 2m53s","Minotaur"
"338","2018","Sweet 16 2018","Minotaur vs Witch Doctor","Minotaur by KO 1m39s","Minotaur"
"339","2018","Quarter Finals 2018","Monsoon vs Minotaur","Minotaur by KO 1m","Minotaur"
"340","2018","Semi Finals 2018","Lock-Jaw vs Minotaur","Minotaur by KO 1m43s","Minotaur"
"341","2018","Final 2018","Minotaur vs Bite Force","Bite Force by KO 2m5s","Minotaur"
"342","2016","Qualifiers Session 1","Photon Storm vs Minotaur","Minotaur by KO 1m41s","Minotaur"
"343","2016","Round of 32","Minotaur vs Blacksmith","Minotaur by JD","Minotaur"
"344","2016","Sweet 16","Minotaur vs Warhead","Minotaur by KO 1m11s","Minotaur"
"345","2016","Quarter Finals","Bronco vs Minotaur","Minotaur by KO 2m54s","Minotaur"
"346","2016","Semi Finals","Minotaur vs Bombshell","Bombshell by KO 2m50s","Minotaur"
"347","2019","Episode 3","Monsoon vs Ragnarök","Monsoon by KO 44s","Monsoon"
"348","2019","Episode 6","HyperShock vs Monsoon","HyperShock by KO 41s","Monsoon"
"349","2019","Episode 10","Valkyrie vs Monsoon","Valkyrie by JD","Monsoon"
"350","2019","Episode 13","Bite Force vs Monsoon","Bite Force by KO 46s","Monsoon"
"351","2019","Episode 16","Monsoon& Ragnarök vs Mad-Catter & Chronos","Monsoon, Ragnarök by JD","Monsoon"
"352","2018","Day 2 Session 2","Red Devil vs Monsoon","Monsoon by JD","Monsoon"
"353","2018","Day 3 Session 2","Petunia vs Monsoon","Monsoon by KO 2m","Monsoon"
"354","2018","Day 6 Session 1","Monsoon vs SOW","SOW by KO 54s","Monsoon"
"355","2018","Day 7 Session 2","Monsoon vs Axe Backwards","Monsoon by KO 38s","Monsoon"
"356","2018","Sweet 16 2018","SawBlaze vs Monsoon","Monsoon by JD","Monsoon"
"357","2018","Quarter Finals 2018","Monsoon vs Minotaur","Minotaur by KO 1m","Monsoon"
"358","2019","Episode 4","Nelly the Ellybot vs Rainbow","Rainbow by KO 1m5s","Nelly the Ellybot"
"359","2019","Episode 9","Deep Six vs Nelly the Ellybot","Deep Six by JD 1m1s","Nelly the Ellybot"
"360","2019","Not Aired","ShellShock vs Nelly the Ellybot","Nelly the Ellybot by KO 1m43s","Nelly the Ellybot"
"361","2019","Episode 15","Nightmare vs Mammoth","Mammoth by KO 1m20s","Nightmare"
"362","2016","Qualifiers Session 1","Nightmare vs Stinger","Stinger by KO 44s","Nightmare"
"363","2016","Round of 32","Icewave vs Nightmare","Nightmare by KO 48s","Nightmare"
"364","2016","Sweet 16","Nightmare vs Beta","Beta by KO 3m","Nightmare"
"365","2019","Episode 5","P1 vs Sidewinder","Sidewinder by KO 48s","P1"
"366","2019","Episode 9","SubZero vs P1","SubZero by KO 2m6s","P1"
"367","2019","Not Aired","P1 vs Extinguisher vs The Four Horseman","The Four Horseman by JD","P1"
"368","2019","Episode 3","War Hawk vs Petunia","War Hawk by KO 1m51s","Petunia"
"369","2019","Episode 6","Petunia vs Marvin","Petunia by JD","Petunia"
"370","2019","Episode 10","Hydra vs Petunia","Hydra by KO 1m29s","Petunia"
"371","2019","Episode 12","Petunia vs Valkyrie","Valkyrie by KO 1m2s","Petunia"
"372","2019","Not Aired","Petunia vs SubZero","Petunia by KO 2m7s","Petunia"
"373","2019","Not Aired","Petunia vs Jasper vs BattleSaw","Petunia by JD","Petunia"
"374","2018","Day 1 Session 2","Rotator vs Petunia","Petunia by JD","Petunia"
"375","2018","Day 3 Session 2","Petunia vs Monsoon","Monsoon by KO 2m","Petunia"
"376","2018","Day 6 Session 1","Captain Shrederator vs Petunia","Petunia by KO 1m16s","Petunia"
"377","2018","Day 7 Session 2","Petunia vs Yeti","Yeti by KO 1m54s","Petunia"
"378","2018","Day 10 Session 1","Bale Spear& Double Dutch vs Petunia & Predator","Petunia, Predator by JD","Petunia"
"379","2019","Episode 1","Blacksmith vs Quantum","Quantum by JD 2m16s","Quantum"
"380","2019","Episode 4","Quantum vs Lock-Jaw","Lock-Jaw by KO 1m19s","Quantum"
"381","2019","Episode 7","Quantum vs Death Roll","Death Roll by KO 1m19s","Quantum"
"382","2019","Episode 11","DUCK! vs Quantum","Quantum by JD","Quantum"
"383","2019","Episode 14","Valkyrie vs Quantum","Quantum by KO 1m44s","Quantum"
"384","2019","Episode 15","Tombstone vs Quantum","Tombstone by KO 32s","Quantum"
"385","2019","Episode 3","Monsoon vs Ragnarök","Monsoon by KO 44s","Ragnarök"
"386","2019","Episode 6","Valkyrie vs Ragnarök","Valkyrie by KO 42s","Ragnarök"
"387","2019","Episode 8","War Hawk vs Ragnarök","War Hawk by KO 2m45s","Ragnarök"
"388","2019","Episode 10","Ragnarök vs Mad-Catter","Mad-Catter by KO 1m16s","Ragnarök"
"389","2019","Episode 16","Monsoon& Ragnarök vs Mad-Catter & Chronos","Monsoon, Ragnarök by JD","Ragnarök"
"390","2019","Episode 7","Rail Gun Max  vs ShellShock","Rail Gun Max  by KO 57s","RailGun Max"
"391","2019","Episode 3","Mad-Catter vs Rail Gun Max","Rail Gun Max  by KO 1m3s","RailGun Max"
"392","2019","Episode 12","Rail Gun Max  vs Wan Hoo","Rail Gun Max  by JD","RailGun Max"
"393","2019","Episode 13","Free Shipping vs Rail Gun Max","Free Shipping by KO","RailGun Max"
"394","2019","Episode 14","Rail Gun Max  vs Bloodsport vs Upper Cut","Upper Cut by KO 2m21s","RailGun Max"
"395","2019","Not Aired","Gruff vs Rail Gun Max","Gruff by KO 1m30s","RailGun Max"
"396","2019","Episode 4","Nelly the Ellybot vs Rainbow","Rainbow by KO 1m5s","Rainbow"
"397","2019","Episode 9","Extinguisher vs Double Jeopardy vs Rainbow","Rainbow by JD","Rainbow"
"398","2019","Episode 10","Rainbow vs Yeti","Yeti by KO 56s","Rainbow"
"399","2019","Episode 1","Kraken vs Ribbot","Kraken by JD 3m","Ribbot"
"400","2019","Episode 4","End Game vs Ribbot","Ribbot by KO 2m1s","Ribbot"
"401","2019","Episode 7","Falcon vs Ribbot","Ribbot by KO 2m26s","Ribbot"
"402","2019","Episode 11","Ribbot vs SawBlaze","SawBlaze by JD","Ribbot"
"403","2019","Episode 14","Ribbot vs Sharkopion","Ribbot by KO 56s","Ribbot"
"404","2019","Not Aired","Ribbot vs Valkyrie","Valkyrie by KO 56s","Ribbot"
"405","2019","Episode 1","SawBlaze vs Rotator","SawBlaze by JD 3m","ROTATOR"
"406","2019","Episode 4","Rotator vs Bombshell","Rotator by KO 57s","ROTATOR"
"407","2019","Episode 7","Tombstone vs Rotator","Rotator by KO 2m59s","ROTATOR"
"408","2019","Episode 11","Rotator vs Death Roll","Death Roll by JD","ROTATOR"
"409","2019","Episode 14","Rotator vs Blacksmith","Blacksmith by JD","ROTATOR"
"410","2018","Day 1 Session 2","Rotator vs Petunia","Petunia by JD","ROTATOR"
"411","2018","Day 2 Session 2","Predator vs Rotator","Rotator by KO 1m7s","ROTATOR"
"412","2018","Day 4 Session 2","Warrior Dragon vs Rotator","Rotator by JD","ROTATOR"
"413","2018","Day 6 Session 2","Skorpios vs Rotator","Rotator by JD","ROTATOR"
"414","2018","Sweet 16 2018","Icewave vs Rotator","Rotator by JD","ROTATOR"
"415","2018","Quarter Finals 2018","Rotator vs Bite Force","Bite Force by KO 1m19s","ROTATOR"
"416","2016","Qualifiers Session 1","Rotator vs Witch Doctor","Witch Doctor by KO 42s","ROTATOR"
"417","2016","Sunday Exhibition","Whiplash vs The Disk o' Inferno vs Rotator","Rotator by JD","ROTATOR"
"418","2019","Episode 1","SawBlaze vs Rotator","SawBlaze by JD 3m","SawBlaze"
"419","2019","Episode 4","Tombstone vs SawBlaze","Tombstone by KO 1m42s","SawBlaze"
"420","2019","Episode 7","SawBlaze vs Blacksmith","SawBlaze by JD","SawBlaze"
"421","2019","Episode 11","Ribbot vs SawBlaze","SawBlaze by JD","SawBlaze"
"422","2019","Episode 15","SawBlaze vs SOW","SawBlaze by JD","SawBlaze"
"423","2019","Episode 16","Witch Doctor vs SawBlaze","Witch Doctor by KO 2m26s","SawBlaze"
"424","2018","Day 2 Session 1","Overhaul vs SawBlaze","SawBlaze by KO 1m34s","SawBlaze"
"425","2018","Day 3 Session 2","SawBlaze vs Reality","SawBlaze by JD","SawBlaze"
"426","2018","Day 4 Session 1","SawBlaze vs Mohawk","SawBlaze by KO 2m7s","SawBlaze"
"427","2018","Day 7 Session 2","Bronco vs SawBlaze","Bronco by JD","SawBlaze"
"428","2018","Sweet 16 2018","SawBlaze vs Monsoon","Monsoon by JD","SawBlaze"
"429","2018","Day 10 Session 1","SawBlaze vs End Game","SawBlaze by JD","SawBlaze"
"430","2016","Qualifiers Session 1","SawBlaze vs Razorback","Razorback by JD","SawBlaze"
"431","2016","Sunday Exhibition","Overhaul vs Road Rash vs SawBlaze","SawBlaze by JD","SawBlaze"
"432","2019","Episode 14","Ribbot vs Sharkopion","Ribbot by KO 56s","Sharkoprion"
"433","2019","Not Aired","Bloodsport vs Sharkopion","Bloodsport by KO 56s","Sharkoprion"
"434","2018","Day 1 Session 1","Kraken vs Sharkopion vs Deviled Egg","Sharkopion by KO 2m22s","Sharkoprion"
"435","2018","Day 5 Session 1","Sharkopion vs Warhead","Warhead by JD","Sharkoprion"
"436","2018","Day 9 Session 2","Gemini vs Sharkopion","Sharkopion by JD","Sharkoprion"
"437","2019","Episode 2","Shatter vs Witch Doctor","Witch Doctor by JD","Shatter!"
"438","2019","Episode 5","Wan Hoo vs Shatter","Shatter by JD","Shatter!"
"439","2019","Episode 11","Shatter vs Kingpin","Shatter by KO 56s","Shatter!"
"440","2019","Episode 12","Minotaur vs Shatter","Minotaur by KO 2m34s","Shatter!"
"441","2019","Not Aired","Shatter vs Kraken","Kraken by JD","Shatter!"
"442","2019","Episode 7","Rail Gun Max  vs ShellShock","Rail Gun Max  by KO 57s","Shellshock"
"443","2019","Not Aired","ShellShock vs Nelly the Ellybot","Nelly the Ellybot by KO 1m43s","Shellshock"
"444","2019","Episode 5","P1 vs Sidewinder","Sidewinder by KO 48s","Sidewinder"
"445","2019","Episode 6","Sidewinder vs Skorpios","Skorpios by KO 2m52s","Sidewinder"
"446","2019","Episode 3","Skorpios vs Copperhead","Skorpios by KO 2m37s","Skorpios"
"447","2019","Episode 6","Sidewinder vs Skorpios","Skorpios by KO 2m52s","Skorpios"
"448","2019","Episode 10","Skorpios vs Tantrum","Skorpios by JD","Skorpios"
"449","2019","Episode 13","Upper Cut vs Skorpios","Upper Cut by KO 1m37s","Skorpios"
"450","2019","Episode 14","Lock-Jaw vs Skorpios","Lock-Jaw by KO 2m58s","Skorpios"
"451","2019","Not Aired","Skorpios vs Black Dragon","Black Dragon by JD","Skorpios"
"452","2018","Day 2 Session 2","Lucky vs Skorpios","Skorpios by JD","Skorpios"
"453","2018","Day 5 Session 2","Skorpios vs Icewave","Skorpios by JD","Skorpios"
"454","2018","Day 6 Session 2","Skorpios vs Rotator","Rotator by JD","Skorpios"
"455","2018","Day 8 Session 1","Skorpios vs HyperShock","Skorpios by JD","Skorpios"
"456","2016","Rumbles","Bad Kitty vs Skorpios vs Black Ice","Black Ice by KO 2m35s","Skorpios"
"457","2016","Saturday Exhibition","Death Roll vs Bucktooth Burl vs Skorpios","Skorpios by KO 3m","Skorpios"
"458","2019","Episode 2","SOW vs HUGE","SOW by KO 1m36s","Son of Whyachi (aka SOW)"
"459","2019","Episode 5","SOW vs Whiplash","Whiplash by KO 1m46s","Son of Whyachi (aka SOW)"
"460","2019","Episode 9","SOW vs Texas Twister","SOW by KO 49s","Son of Whyachi (aka SOW)"
"461","2019","Episode 12","SOW vs Kraken","SOW by KO 1m1s","Son of Whyachi (aka SOW)"
"462","2019","Episode 14","SOW vs Copperhead","SOW by KO 2m33s","Son of Whyachi (aka SOW)"
"463","2019","Episode 15","SawBlaze vs SOW","SawBlaze by JD","Son of Whyachi (aka SOW)"
"464","2018","Day 3 Session 1","SOW vs Brutus","Brutus by KO 41s","Son of Whyachi (aka SOW)"
"465","2018","Day 4 Session 1","SOW vs Lucky","SOW by KO 1m34s","Son of Whyachi (aka SOW)"
"466","2018","Day 6 Session 1","Monsoon vs SOW","SOW by KO 54s","Son of Whyachi (aka SOW)"
"467","2018","Day 7 Session 1","SOW vs End Game","SOW by KO 43s","Son of Whyachi (aka SOW)"
"468","2018","Sweet 16 2018","SOW vs Lock-Jaw","Lock-Jaw by JD","Son of Whyachi (aka SOW)"
"469","2016","Rumbles","UltraViolent vs SOW vs Creepy Crawlies","SOW by KO 1m16s","Son of Whyachi (aka SOW)"
"470","2016","Qualifiers Session 2","Ghost Raptor vs SOW","SOW by KO 1m5s","Son of Whyachi (aka SOW)"
"471","2016","Round of 32","SOW vs Poison Arrow","Poison Arrow by KO 58s","Son of Whyachi (aka SOW)"
"472","2019","Episode 1","Cobalt vs SubZero","Cobalt by KO 1m8s","SubZero"
"473","2019","Episode 9","SubZero vs P1","SubZero by KO 2m6s","SubZero"
"474","2019","Episode 12","SubZero vs The Four Horseman","The Four Horseman by KO 2m7s","SubZero"
"475","2019","Not Aired","Petunia vs SubZero","Petunia by KO 2m7s","SubZero"
"476","2019","Not Aired","SubZero vs Gemini","Gemini by KO 1m42s","SubZero"
"477","2018","Day 1 Session 2","SubZero vs HUGE","HUGE by JD","SubZero"
"478","2018","Day 3 Session 1","Captain Shrederator vs SubZero","SubZero by KO 1m52s","SubZero"
"479","2018","Day 6 Session 1","Red Devil vs SubZero","Red Devil by JD","SubZero"
"480","2018","Day 8 Session 1","SubZero vs Minotaur","Minotaur by KO 2m53s","SubZero"
"481","2016","Qualifiers Session 2","SubZero vs Icewave","Icewave by JD","SubZero"
"482","2019","Episode 12","Jasper vs Upper Cut vs Tantrum","Tantrum by KO 2m34s","Tantrum"
"483","2019","Episode 7","Gemini vs Tantrum","Tantrum by JD","Tantrum"
"484","2019","Episode 10","Skorpios vs Tantrum","Skorpios by JD","Tantrum"
"485","2019","Episode 13","Yeti vs Tantrum","Yeti by KO 2m45s","Tantrum"
"486","2019","Not Aired","Lucky vs Tantrum","Tantrum by JD","Tantrum"
"487","2018","Day 2 Session 1","Tantrum vs Battle Royal with Cheese","Tantrum by JD","Tantrum"
"488","2018","Day 5 Session 2","Tantrum vs Mecha Rampage","Mecha Rampage by KO 59s","Tantrum"
"489","2018","Day 10 Session 2","Tombstone vs Tantrum","Tombstone by KO 1m17s","Tantrum"
"490","2019","Episode 2","Texas Twister vs Black Dragon","Texas Twister by JD","Texas Twister"
"491","2019","Episode 5","Texas Twister vs Axe Backwards","Texas Twister by KO 1m26s","Texas Twister"
"492","2019","Episode 9","SOW vs Texas Twister","SOW by KO 49s","Texas Twister"
"493","2019","Episode 12","Texas Twister vs Whiplash","Whiplash by KO 1m39s","Texas Twister"
"494","2019","Not Aired","Texas Twister vs Free Shipping","Free Shipping by JD","Texas Twister"
"495","2019","Episode 12","Jasper vs Upper Cut vs Tantrum","Tantrum by KO 2m34s","Uppercut"
"496","2019","Episode 5","Mammoth vs Upper Cut","Upper Cut by KO 1m5s","Uppercut"
"497","2019","Episode 9","Breaker Box vs Upper Cut","Upper Cut by KO 2m17s","Uppercut"
"498","2019","Episode 13","Upper Cut vs Skorpios","Upper Cut by KO 1m37s","Uppercut"
"499","2019","Episode 14","Rail Gun Max  vs Bloodsport vs Upper Cut","Upper Cut by KO 2m21s","Uppercut"
"500","2019","Episode 15","Bite Force vs Upper Cut","Bite Force by KO 57s","Uppercut"
"501","2019","Episode 1","HyperShock vs Valkyrie","HyperShock by KO 2m14s","Valkyrie"
"502","2019","Episode 6","Valkyrie vs Ragnarök","Valkyrie by KO 42s","Valkyrie"
"503","2019","Episode 10","Valkyrie vs Monsoon","Valkyrie by JD","Valkyrie"
"504","2019","Episode 12","Petunia vs Valkyrie","Valkyrie by KO 1m2s","Valkyrie"
"505","2019","Episode 14","Valkyrie vs Quantum","Quantum by KO 1m44s","Valkyrie"
"506","2019","Not Aired","Ribbot vs Valkyrie","Valkyrie by KO 56s","Valkyrie"
"507","2018","Day 1 Session 1","Valkyrie vs Ultimo Destructo","Ultimo Destructo by KO 2m4s","Valkyrie"
"508","2018","Day 3 Session 2","Valkyrie vs Predator vs Bale Spear","Valkyrie by KO 1m54s","Valkyrie"
"509","2018","Day 5 Desparado Tournament","Valkyrie vs Hypothermia","Valkyrie by JD","Valkyrie"
"510","2018","Day 5 Desparado Tournament","Lock-Jaw vs Valkyrie","Lock-Jaw by KO 1m32s","Valkyrie"
"511","2018","Day 7 Session 1","Red Devil vs Valkyrie","Valkyrie by JD","Valkyrie"
"512","2018","Day 10 Session 2","Overhaul vs Valkyrie","Valkyrie by JD","Valkyrie"
"513","2019","Episode 2","Wan Hoo vs Captain Shrederator","Wan Hoo by KO 1m49s","WanHoo"
"514","2019","Episode 5","Wan Hoo vs Shatter","Shatter by JD","WanHoo"
"515","2019","Not Aired","Kraken vs Wan Hoo","Wan Hoo by JD","WanHoo"
"516","2019","Episode 12","Rail Gun Max  vs Wan Hoo","Rail Gun Max  by JD","WanHoo"
"517","2019","Not Aired","War Hawk vs Wan Hoo","Wan Hoo by JD","WanHoo"
"518","2019","Episode 9","Wan Hoo vs Mammoth","Wan Hoo by JD","WanHoo"
"519","2019","Episode 3","War Hawk vs Petunia","War Hawk by KO 1m51s","WAR Hawk"
"520","2019","Episode 6","Hydra vs War Hawk","Hydra by KO 1m36s","WAR Hawk"
"521","2019","Episode 8","War Hawk vs Ragnarök","War Hawk by KO 2m45s","WAR Hawk"
"522","2019","Episode 8","Black Dragon vs War Hawk","Black Dragon by KO 1m1s","WAR Hawk"
"523","2019","Episode 13","Copperhead vs War Hawk","Copperhead by KO 1m19s","WAR Hawk"
"524","2019","Not Aired","War Hawk vs Wan Hoo","Wan Hoo by JD","WAR Hawk"
"525","2018","Day 2 Session 1","War Hawk vs Axe Backwards","War Hawk by KO 1m30s","WAR Hawk"
"526","2018","Day 5 Session 2","Brutus vs War Hawk","Brutus by KO 2m33s","WAR Hawk"
"527","2018","Day 6 Session 2","Overhaul vs War Hawk","War Hawk by JD","WAR Hawk"
"528","2018","Day 8 Session 1","Free Shipping vs War Hawk","War Hawk by JD","WAR Hawk"
"529","2018","Day 8 Session 2","End Game vs War Hawk vs Brutus","War Hawk by KO 1m9s","WAR Hawk"
"530","2018","Sweet 16 2018","Bronco vs War Hawk","Bronco by KO 1m44s","WAR Hawk"
"531","2019","Episode 2","Minotaur vs Whiplash","Whiplash by JD","Whiplash"
"532","2019","Episode 5","SOW vs Whiplash","Whiplash by KO 1m46s","Whiplash"
"533","2019","Episode 9","Whiplash vs Witch Doctor","Witch Doctor by JD","Whiplash"
"534","2019","Episode 12","Texas Twister vs Whiplash","Whiplash by KO 1m39s","Whiplash"
"535","2019","Episode 15","Whiplash vs HUGE","Whiplash by JD","Whiplash"
"536","2019","Episode 16","Tombstone vs Whiplash","Tombstone by KO 1m40s","Whiplash"
"537","2018","Day 2 Session 1","Whiplash vs Hypothermia","Whiplash by KO 1m27s","Whiplash"
"538","2018","Day 4 Session 1","Whiplash vs Mecha Rampage","Whiplash by KO 52s","Whiplash"
"539","2018","Day 6 Session 2","Tombstone vs Whiplash","Tombstone by KO 1m14s","Whiplash"
"540","2018","Day 8 Session 1","Warhead vs Whiplash","Whiplash by KO 2m4s","Whiplash"
"541","2018","Sweet 16 2018","Yeti vs Whiplash","Whiplash by JD","Whiplash"
"542","2018","Quarter Finals 2018","Bronco vs Whiplash","Whiplash by KO 2m57s","Whiplash"
"543","2018","Semi Finals 2018","Whiplash vs Bite Force","Bite Force by KO 1m29s","Whiplash"
"544","2016","Qualifiers Session 2","Whiplash vs Warrior Dragon","Warrior Dragon by JD","Whiplash"
"545","2016","Sunday Exhibition","Whiplash vs The Disk o' Inferno vs Rotator","Rotator by JD","Whiplash"
"546","2019","Episode 2","Shatter vs Witch Doctor","Witch Doctor by JD","Witch Doctor"
"547","2019","Episode 5","Captain Shrederator vs Witch Doctor","Witch Doctor by KO 1m10s","Witch Doctor"
"548","2019","Episode 9","Whiplash vs Witch Doctor","Witch Doctor by JD","Witch Doctor"
"549","2019","Episode 12","Witch Doctor vs Gigabyte","Witch Doctor by KO 2m17s","Witch Doctor"
"550","2019","Episode 15","Witch Doctor vs Blacksmith","Witch Doctor by KO 2m24s","Witch Doctor"
"551","2019","Episode 16","Witch Doctor vs SawBlaze","Witch Doctor by KO 2m26s","Witch Doctor"
"552","2019","Episode 16","Witch Doctor vs Death Roll","Witch Doctor by JD","Witch Doctor"
"553","2019","Episode 16","Witch Doctor vs Bite Force","Bite Force by KO 1m56s","Witch Doctor"
"554","2018","Day 1 Session 2","Witch Doctor vs Yeti","Yeti by KO 1m24s","Witch Doctor"
"555","2018","Day 4 Session 2","Witch Doctor vs Blacksmith","Witch Doctor by JD","Witch Doctor"
"556","2018","Day 6 Session 2","Ultimo Destructo vs Witch Doctor","Witch Doctor by KO 54s","Witch Doctor"
"557","2018","Day 8 Session 1","Overhaul vs Witch Doctor","Witch Doctor by KO 1m20s","Witch Doctor"
"558","2018","Sweet 16 2018","Minotaur vs Witch Doctor","Minotaur by KO 1m39s","Witch Doctor"
"559","2016","Qualifiers Session 1","Rotator vs Witch Doctor","Witch Doctor by KO 42s","Witch Doctor"
"560","2016","Round of 32","Witch Doctor vs Red Devil","Red Devil by KO 1m27s","Witch Doctor"
"561","2016","Sunday Exhibition","Bite Force vs Witch Doctor vs Wrecks","Bite Force by KO 2m12s","Witch Doctor"
"562","2018","Day 2 Session 2","Parallax& Bale Spear vs Basilisk & Double Dutch","Basilisk, Double Dutch by JD","Bale Spear"
"563","2018","Day 3 Session 2","Valkyrie vs Predator vs Bale Spear","Valkyrie by KO 1m54s","Bale Spear"
"564","2018","Day 10 Session 1","Bale Spear& Double Dutch vs Petunia & Predator","Petunia, Predator by JD","Bale Spear"
"565","2018","Day 2 Session 1","Tantrum vs Battle Royal with Cheese","Tantrum by JD","Battle Royale With Cheese"
"566","2018","Day 4 Session 1","HyperShock vs Battle Royal with Cheese","HyperShock by KO 50s","Battle Royale With Cheese"
"567","2018","Day 2 Session 2","Parallax& Bale Spear vs Basilisk & Double Dutch","Basilisk, Double Dutch by JD","Basilisk"
"568","2018","Day 4 Session 2","Deviled Egg vs Axe Backwards vs Basilisk","Deviled Egg by JD","Basilisk"
"569","2018","Day 10 Session 1","Chomp vs Basilisk","Basilisk by KO 2m17s","Basilisk"
"570","2016","Rumbles","Basilisk vs Blacksmith vs Gemini","Blacksmith by JD","Basilisk"
"571","2018","Day 1 Session 1","Red Devil vs Brutus","Red Devil by KO 2m24s","Brutus"
"572","2018","Day 3 Session 1","SOW vs Brutus","Brutus by KO 41s","Brutus"
"573","2018","Day 5 Session 2","Brutus vs War Hawk","Brutus by KO 2m33s","Brutus"
"574","2018","Day 7 Session 1","Brutus vs Gigabyte","Gigabyte by KO 2m49s","Brutus"
"575","2018","Day 8 Session 2","End Game vs War Hawk vs Brutus","War Hawk by KO 1m9s","Brutus"
"576","2016","Qualifiers Session 2","Moebius vs Brutus","Brutus by KO 47s","Brutus"
"577","2016","Round of 32","Brutus vs Lock-Jaw","Brutus by JD","Brutus"
"578","2016","Sweet 16","Tombstone vs Brutus","Tombstone by KO 59s","Brutus"
"579","2018","Day 3 Session 2","Warrior Dragon vs Chomp","Warrior Dragon by JD","Chomp"
"580","2018","Day 4 Session 1","Chomp vs Overhaul","Overhaul by JD","Chomp"
"581","2018","Day 5 Session 2","Chomp vs HUGE","HUGE by JD","Chomp"
"582","2018","Day 6 Session 2","Chomp vs Warhead","Warhead by JD","Chomp"
"583","2018","Day 9 Session 1","Chomp vs Kraken","Chomp by KO 1m43s","Chomp"
"584","2018","Day 10 Session 1","Chomp vs Basilisk","Basilisk by KO 2m17s","Chomp"
"585","2016","Qualifiers Session 2","The Disk o' Inferno vs Chomp","Chomp by JD","Chomp"
"586","2016","Round of 32","Chomp vs Captain Shrederator","Chomp by KO 2m8s","Chomp"
"587","2016","Sweet 16","Bite Force vs Chomp","Chomp by JD","Chomp"
"588","2016","Quarter Finals","Chomp vs Yeti","Yeti by KO 2m24s","Chomp"
"589","2018","Day 1 Session 1","Kraken vs Sharkopion vs Deviled Egg","Sharkopion by KO 2m22s","Deviled Egg"
"590","2018","Day 4 Session 2","Deviled Egg vs Axe Backwards vs Basilisk","Deviled Egg by JD","Deviled Egg"
"591","2018","Day 2 Session 2","Parallax& Bale Spear vs Basilisk & Double Dutch","Basilisk, Double Dutch by JD","Double Dutch"
"592","2018","Day 4 Session 2","Double Dutch vs Gamma 9","Double Dutch by KO 2m4s","Double Dutch"
"593","2018","Day 5 Desparado Tournament","Gigabyte vs Double Dutch","Gigabyte by KO 1m29s","Double Dutch"
"594","2018","Day 10 Session 1","Bale Spear& Double Dutch vs Petunia & Predator","Petunia, Predator by JD","Double Dutch"
"595","2018","Day 2 Session 1","The Four Horseman vs Gamma 9 vs Double Jeopardy","The Four Horseman by JD","Gamma 9"
"596","2018","Day 4 Session 2","Double Dutch vs Gamma 9","Double Dutch by KO 2m4s","Gamma 9"
"597","2018","Day 2 Session 1","Whiplash vs Hypothermia","Whiplash by KO 1m27s","Hypothermia"
"598","2018","Day 3 Session 1","Minotaur vs Hypothermia","Minotaur by JD","Hypothermia"
"599","2018","Day 5 Desparado Tournament","Valkyrie vs Hypothermia","Valkyrie by JD","Hypothermia"
"600","2018","Day 9 Session 1","Hypothermia vs The Four Horseman","Hypothermia by JD","Hypothermia"
"601","2018","Day 1 Session 2","Icewave vs Vanquish","Icewave by KO 56s","Icewave"
"602","2018","Day 3 Session 1","Icewave vs Yeti","Icewave by KO 35s","Icewave"
"603","2018","Day 5 Session 2","Skorpios vs Icewave","Skorpios by JD","Icewave"
"604","2018","Day 7 Session 2","Icewave vs HUGE","Icewave by KO 53s","Icewave"
"605","2018","Sweet 16 2018","Icewave vs Rotator","Rotator by JD","Icewave"
"606","2016","Qualifiers Session 2","SubZero vs Icewave","Icewave by JD","Icewave"
"607","2016","Round of 32","Icewave vs Nightmare","Nightmare by KO 48s","Icewave"
"608","2018","Day 1 Session 2","Mecha Rampage vs Free Shipping vs DUCK!","DUCK! by JD","Mecha Rampage"
"609","2018","Day 4 Session 1","Whiplash vs Mecha Rampage","Whiplash by KO 52s","Mecha Rampage"
"610","2018","Day 5 Session 2","Tantrum vs Mecha Rampage","Mecha Rampage by KO 59s","Mecha Rampage"
"611","2018","Day 6 Session 1","Double Jeopardy vs Mecha Rampage","Mecha Rampage by KO 56s","Mecha Rampage"
"612","2018","Day 3 Session 1","Kraken vs Mohawk vs Gemini","Gemini by KO 2m43s","Mohawk"
"613","2018","Day 4 Session 1","SawBlaze vs Mohawk","SawBlaze by KO 2m7s","Mohawk"
"614","2018","Day 6 Session 2","Mohawk vs Reality","Reality by KO 2m48s","Mohawk"
"615","2016","Rumbles","Mohawk vs Invader vs Lycan","Mohawk by KO 2m52s","Mohawk"
"616","2016","Qualifiers Session 2","Bite Force vs Mohawk","Bite Force by KO 1m36s","Mohawk"
"617","2018","Day 2 Session 1","Overhaul vs SawBlaze","SawBlaze by KO 1m34s","Overhaul"
"618","2018","Day 4 Session 1","Chomp vs Overhaul","Overhaul by JD","Overhaul"
"619","2018","Day 6 Session 2","Overhaul vs War Hawk","War Hawk by JD","Overhaul"
"620","2018","Day 8 Session 1","Overhaul vs Witch Doctor","Witch Doctor by KO 1m20s","Overhaul"
"621","2018","Day 10 Session 2","Overhaul vs Valkyrie","Valkyrie by JD","Overhaul"
"622","2016","Qualifiers Session 2","Overhaul vs Cobalt","Cobalt by KO 1m26s","Overhaul"
"623","2016","Round of 32","Beta vs Overhaul","Beta by JD","Overhaul"
"624","2016","Sunday Exhibition","Overhaul vs Road Rash vs SawBlaze","SawBlaze by JD","Overhaul"
"625","2018","Day 2 Session 2","Parallax& Bale Spear vs Basilisk & Double Dutch","Basilisk, Double Dutch by JD","Parallax"
"626","2018","Day 3 Session 2","Parallax vs Ultimo Destructo","Ultimo Destructo by JD","Parallax"
"627","2018","Day 2 Session 2","Predator vs Rotator","Rotator by KO 1m7s","Predator"
"628","2018","Day 3 Session 2","Valkyrie vs Predator vs Bale Spear","Valkyrie by KO 1m54s","Predator"
"629","2018","Day 10 Session 1","Bale Spear& Double Dutch vs Petunia & Predator","Petunia, Predator by JD","Predator"
"630","2018","Day 3 Session 2","SawBlaze vs Reality","SawBlaze by JD","Reality"
"631","2018","Day 4 Session 2","Reality vs DUCK!","DUCK! by KO 1m50s","Reality"
"632","2018","Day 6 Session 2","Mohawk vs Reality","Reality by KO 2m48s","Reality"
"633","2018","Day 7 Session 1","Lucky vs Reality","Reality by KO 1m56s","Reality"
"634","2018","Day 10 Session 1","HyperShock vs Reality","Reality by KO 2m5s","Reality"
"635","2018","Day 1 Session 1","Red Devil vs Brutus","Red Devil by KO 2m24s","Red Devil"
"636","2018","Day 2 Session 2","Red Devil vs Monsoon","Monsoon by JD","Red Devil"
"637","2018","Day 6 Session 1","Red Devil vs SubZero","Red Devil by JD","Red Devil"
"638","2018","Day 7 Session 1","Red Devil vs Valkyrie","Valkyrie by JD","Red Devil"
"639","2018","Day 10 Session 2","Red Devil vs Kraken","Kraken by JD","Red Devil"
"640","2016","Qualifiers Session 2","Wrecks vs Red Devil","Red Devil by KO 1m56s","Red Devil"
"641","2016","Round of 32","Witch Doctor vs Red Devil","Red Devil by KO 1m27s","Red Devil"
"642","2016","Sweet 16","Red Devil vs Bombshell","Bombshell by JD","Red Devil"
"643","2018","Day 1 Session 1","Valkyrie vs Ultimo Destructo","Ultimo Destructo by KO 2m4s","Ultimo Destructo"
"644","2018","Day 3 Session 2","Parallax vs Ultimo Destructo","Ultimo Destructo by JD","Ultimo Destructo"
"645","2018","Day 6 Session 2","Ultimo Destructo vs Witch Doctor","Witch Doctor by KO 54s","Ultimo Destructo"
"646","2018","Day 9 Session 2","Ultimo Destructo vs Axe Backwards","Axe Backwards by KO 2m15s","Ultimo Destructo"
"647","2016","Qualifiers Session 2","The Ringmaster vs Ultimo Destructo","The Ringmaster by KO 1m48s","Ultimo Destructo"
"648","2018","USA vs The World","Captain Shrederator vs Vanquish","Captain Shrederator by KO 1m37s","Vanquish"
"649","2018","Fight Night 2","Icewave vs Vanquish","Icewave by KO 56s","Vanquish"
"650","2018","Day 5 Session 1","Sharkopion vs Warhead","Warhead by JD","Warhead"
"651","2018","Day 6 Session 2","Chomp vs Warhead","Warhead by JD","Warhead"
"652","2018","Day 7 Session 2","Warhead vs Warrior Dragon","Warhead by JD","Warhead"
"653","2018","Day 8 Session 1","Warhead vs Whiplash","Whiplash by KO 2m4s","Warhead"
"654","2018","Day 10 Session 2","Blacksmith vs Warhead","Warhead by JD","Warhead"
"655","2016","Qualifiers Session 2","The Obwalden Overlord vs Warhead","Warhead by KO 2m59s","Warhead"
"656","2016","Round of 32","Complete Control vs Warhead","Warhead by KO 1m26s","Warhead"
"657","2016","Sweet 16","Minotaur vs Warhead","Minotaur by KO 1m11s","Warhead"
"658","2018","Day 3 Session 2","Warrior Dragon vs Chomp","Warrior Dragon by JD","Warrior Dragon"
"659","2018","Day 4 Session 2","Warrior Dragon vs Rotator","Rotator by JD","Warrior Dragon"
"660","2018","Day 7 Session 2","Warhead vs Warrior Dragon","Warhead by JD","Warrior Dragon"
"661","2016","Qualifiers Session 2","Whiplash vs Warrior Dragon","Warrior Dragon by JD","Warrior Dragon"
"662","2016","Round of 32","HyperShock vs Warrior Dragon","HyperShock by KO 2m12s","Warrior Dragon"
